{
  "MAE": 3.37685,
  "MSE": 16.277284,
  "RMSE": 4.034512,
  "MAPE (%)": 1.910806
}